id,Nama Coban,Kecamatan,Alamat,Ketinggian,Kedalaman,Medan,Y,X
1,coban jahe,Jabung,"Jl. Begawan, Dusun Krajan, Taji, Kec. Jabung, Kabupaten Malang, Jawa Timur 65155",45 meter,-,Medan cukup sulit dilalui kendaraan disarankan jalan kaki,-7.9694568,112.8027717
2,coban srengenge,Ampelgading,"Area Sawah/Kebun, Tirtomarto, Kabupaten Malang, Jawa Timur 65183",100 meter,"4,6 meter","Medan jalan desa ,dan melewati belakang rumah warga",-8.2506957,112.8839079
3,coban sumberwangi,Ampelgading,"Tirtomarto, Malang, , Jawa Timur 65183",115 meter,3 meter,,-8.2376838,112.8758493
4,coban rondo,Pujon,"Jl. Coban Rondo, Krajan, Pandesari, Kabupaten Malang, Jawa Timur 65391",84 meter,2 meter,,-7.8850666,112.4771673
5,coban trisula,Poncokusumo," Dusun Ngadas, Kec. Poncokusumo, Kabupaten Malang, Jawa Timur 65157",35 meter,-,Medan cukup sulit dilalui kendaraan disarankan jalan kaki,-7.9994340,112.8683093
6,coban siuk,Jabung,"Dusun Krajan, Taji,Kabupaten Malang, Jawa Timur 65155",90 meter,2 meter,,-7.9570762,112.8207112
7,coban jodo,Jabung,"Bendolawang, Ngadirejo, Kec. Jabung, Kabupaten Malang, Jawa Timur 65156",10 meter,-,jalan setapak disarankan menggunakan kendaraan roda 2,-7.9856358,112.8320009
8,coban parang tejo,Dau,"Princi Gading Kulon, Godehan, Kabupaten Malang, Jawa Timur 65151",57 meter,-,jalan setapak disarankan menggunakan kendaraan roda 2,-7.9319966,112.5126902
9,coban tengah,pujon,"Krajan, Pandesari,Kabupaten Malang, Jawa Timur 65391",25 meter,"1,5 meter",jalan terjal bebatuan dan licin untuk menuju ke titik air terjun,-7.8920098,112.4749941
10,coban pelangi,Poncokusumo,"Dusun Ngadas, Kabupaten Malang, Jawa Timur 65157",110 meter,3 meter,jalan setapak terjal dan licin sebagian jalan juga sempit,-8.0114489,112.8650292
11,coban nirwana,Gedangan,"Gedangan, Krajan Lor Gedangan, Kabupaten Malang, Jawa Timur 65178",25 meter,-,akses jalan mudah di lewati bisa menggunakan kendaraan pribadi atau kendaraan umum,-8.3100554,112.6673325
12,coban supit urang,pujon,"Madiredo, Pujon, Wiyurejo, Kec. Pujon, Kabupaten Malang, Jawa Timur 65392",15 meter,-,Medan cukup sulit dilalui kendaraan disarankan jalan kaki,-7.7909582,112.4600795
13,coban kethak,Kasembon,"Desa, Pait Utara, Pait,Kabupaten Malang, Jawa Timur 65393",25 meter,1meter,akses jalan mudah di lewati bisa menggunakan kendaraan pribadi ,-7.8027376,112.3567378
14,coban gintung,Ampelgading,"Area Wasah/Kebun, Sidorenggo,Kabupaten Malang, Jawa Timur 65183",400meter,3 meter,akses jalan mudah bila di lewati dengan kendaraan roda 2,-8.2520944,112.9144445
15,coban pitu,Tumpang,"Krajan, Duwet Krajan, Kabupaten Malang, Jawa Timur 65156",40meter,7meter,akses jalan setapak melewati hutan dan ladang warga hanya bisa berjalan kaki,-8.0136439,112.821556
16,Air Terjun Ringin Gantung,Tumpang,"Krajan, Duwet Krajan, Kabupaten Malang, Jawa Timur 65156",45meter,5meter,akses jalan ekstrim dan terjal,-8.0135705,112.8215612
17,coban ciblungan,Ampelgading,"Sidorenggo, Malang, Kabupaten Malang, Jawa Timur 65183",30 meter,1 meter,akss jalan mudah hanya 30 mtr dari jalan raya,-8.2417714,112.9063929
18,Air Terjun Cinde,Tumpang,"Benjor, Kabupaten Malang, Jawa Timur 65156",50 meter,10 meter,jalan kaki sekitar 10 mnit melewati persawahan ,-7.9906082,112.8400879
19,coban manten,Pujon,"Krajan, Pandesari, Kabupaten Malang, Jawa Timur 65391",1300 meter,2 meter,medan sulit untuk di lewati penuh semak belukar dan terjal,-7.8996484,112.474075
20,Banyu anjlok,Tirtoyudo,"Lenggoksono, Purwodadi, Kec. Tirtoyudo, Kabupaten Malang, Jawa Timur 65182",7 meter,1 meter,akses mobil diparkir dan dilanjut menggunakan perahu,-8.3720482,112.8208586
21,coban tundo,Sumbermanjing Wetan,"Gunung, Tambakasri, Kec. Sumbermanjing Wetan, Kabupaten Malang, Jawa Timur 65181",5 meter,1-5 meter,Medan cukup sulit dilalui kendaraan disarankan jalan kaki,-8.3411808,112.7944915